<?xml version="1.0" encoding="UTF-8"?>
<project-private xmlns="http://www.netbeans.org/ns/project-private/1">
    <editor-bookmarks xmlns="http://www.netbeans.org/ns/editor-bookmarks/2" lastBookmarkId="0"/>
    <open-files xmlns="http://www.netbeans.org/ns/projectui-open-files/2">
        <group>
            <file>file:/C:/Users/M%20Alif%20fadlan/Documents/NetBeansProjects/JavaApplication2/src/kuis/masukannama.java</file>
            <file>file:/C:/Users/M%20Alif%20fadlan/Documents/NetBeansProjects/JavaApplication2/src/kuis/bahan.java</file>
            <file>file:/C:/Users/M%20Alif%20fadlan/Documents/NetBeansProjects/JavaApplication2/src/kuis/QUIZ.java</file>
            <file>file:/C:/Users/M%20Alif%20fadlan/Documents/NetBeansProjects/JavaApplication2/src/kuis/QUIZ5.java</file>
            <file>file:/C:/Users/M%20Alif%20fadlan/Documents/NetBeansProjects/JavaApplication2/src/kuis/CLUB5.java</file>
            <file>file:/C:/Users/M%20Alif%20fadlan/Documents/NetBeansProjects/JavaApplication2/src/kuis/timpengembang.java</file>
            <file>file:/C:/Users/M%20Alif%20fadlan/Documents/NetBeansProjects/JavaApplication2/src/kuis/QUIZ4.java</file>
            <file>file:/C:/Users/M%20Alif%20fadlan/Documents/NetBeansProjects/JavaApplication2/src/kuis/QUIZ2.java</file>
            <file>file:/C:/Users/M%20Alif%20fadlan/Documents/NetBeansProjects/JavaApplication2/src/kuis/halamanawal.java</file>
            <file>file:/C:/Users/M%20Alif%20fadlan/Documents/NetBeansProjects/JavaApplication2/src/kuis/CLUB3.java</file>
            <file>file:/C:/Users/M%20Alif%20fadlan/Documents/NetBeansProjects/JavaApplication2/src/kuis/CLUB.java</file>
            <file>file:/C:/Users/M%20Alif%20fadlan/Documents/NetBeansProjects/JavaApplication2/src/kuis/CLUB2.java</file>
            <file>file:/C:/Users/M%20Alif%20fadlan/Documents/NetBeansProjects/JavaApplication2/src/kuis/Pemilihantema.java</file>
            <file>file:/C:/Users/M%20Alif%20fadlan/Documents/NetBeansProjects/JavaApplication2/src/kuis/CLUB4.java</file>
            <file>file:/C:/Users/M%20Alif%20fadlan/Documents/NetBeansProjects/JavaApplication2/src/kuis/QUIZ3.java</file>
        </group>
    </open-files>
</project-private>
